id,first_name,last_name,email,Sex,ip_address
1,Reid,Byrd,rbyrd0@washingtonpost.com,Male,17.216.170.57
2,Morag,Waleworke,dwaleworke1@ocn.ne.jp,Female,149.30.39.43
3,Nesta,Buller,nbuller2@nature.com,Female,218.47.53.1
4,Ede,Maxwaile,emaxwaile3@yahoo.co.jp,Female,201.54.69.242
5,Dorothee,Ramshay,dramshay4@technorati.com,Female,203.52.162.49
6,Ian,Lympany,ilympany5@netscape.com,Male,95.230.178.8
7,Erasmus,Wetton,ewetton6@uol.com.br,Male,235.220.20.190
8,Norah,McBay,nmcbay7@ucsd.edu,Female,38.52.135.214
9,Jarrod,Autie,jautie8@cnet.com,Male,88.112.94.188
10,Ki,Ingold,kingold9@cpanel.net,Female,207.162.24.86
11,Sanson,Shevell,sshevella@marriott.com,Male,146.106.65.19
12,Jeff,Pillinger,jpillingerb@surveymonkey.com,Male,140.118.138.42
13,Bili,Lorey,bloreyc@npr.org,Female,134.203.228.67
14,Avrom,Dolan,adoland@booking.com,Male,95.167.84.233
15,Adolphus,Ayshford,aayshforde@etsy.com,Male,221.223.188.45
16,Jinny,Flea,jfleaf@nature.com,Female,35.182.227.209
17,Sibella,Moulin,smouling@ibm.com,Female,216.1.236.98
18,Falkner,Mawdsley,fmawdsleyh@bloglovin.com,Male,77.125.55.188
19,Melody,Brodie,mbrodiei@dropbox.com,Female,3.176.154.116
20,Sinclare,Kluss,sklussj@utexas.edu,Male,54.177.169.193
